full_text,username
Cek Ori B1 Liquinox 100 Ml Penumbuh Akar Obat Anti Stres Vitamin Nutrisi B1 Tanaman Bibit Stek Cangkok dengan harga Rp27.000. Dapatkan di Shopee sekarang! https://t.co/xe218PkHf2 https://t.co/tWx1VioR0S,temanluangku
mama sama papa tenang aja obat anti tantrum dan anti stres aku cuma baca buku https://t.co/xD7sfqj9bn,crowzenik
@JOOHYUKbloom Nah kan bener obat anti galau anti stres itu,sotnkang
guys siapa yang disini setelah mendengar growing pain kepala nya pusing mual mual dan muntah2 serta mimisan butuh dokter agar diberi obat anti stres oleh growing pain https://t.co/tfNQ4RceqE,bamiecimol
Cek Ori B1 Liquinox 100 Ml Penumbuh Akar Obat Anti Stres Vitamin Nutrisi B1 Tanaman Bibit Stek Cangkok dengan harga Rp27.000. Dapatkan di Shopee sekarang! https://t.co/NjIElP7HOF,ninamaryamah
@tham878 Obat anti galau obat kulit obat stres obat kuat anti ejakulasi obat sakit perut mules komplit ada disini,armex_55
Minggu 21 April 2024 Setelah hampir seminggu mengalami overthinking dan rasa kesepian yang sangat menyakitkan Aku ke klinik dan mengalami gejala stres dan gangguan kecemasan Obat Anti depresan hanya beberapa butir saja Malamnya ditinggal tidur atau disengaja aku ga tau GBU https://t.co/AJ4tUe7aGK,mozzare06741934
plss jangn ketwa sprti itu plss gue belum minum obat anti stres https://t.co/fcezUTDrgF,bamiecimol
Kenal yg namanya serum anti acne &amp; obat totol sulfur. Dulu stres bgt knp selalu jerawatan dan ilang timbul gak selese2 ternyata salah make kandungan skincare dan gonta ganti mulu. Skrg fokus ke 1 produk dan konsisten + exfo jd sembuh,iennhas
dalam 5 jam sudah 2x suntik obat mual 1x infus anti mual dan 1x paracetamol tapi kenapa mataku belum mau bobooooo mana mualnya tambah parah pula. kayaknya ini anak kicil memang cari bapaknya malam ini kularang nginap karena bikin stres kalau dikasih bangun,ayyqalbi
@ganjarpranowo Suntikan obat anti stres ya pak akibat kala nyapres....,AdeSaputra723
Umur 20an akhir sampai sekarang 30an kerja workaholic kayak orang kesetanan. Sekarang punya 500 juta di rekening tapi hidup tambah stres dan takut. Rutin ke psikolog dan minum obat anti-depresan dari psikiater. Tekanan kerja tinggi. Worth it? Entah.,heyimiancroft
andai ya obat stres dan depresi itu dapet tiket pesawat gratis ke thailand terus ngeliat phuwin busking di siam tiap lagi stres mungkin gue udah bahagia anti stres seumur hidup ,winynnygf
@syoun_woodz obat anti stres dong ghi,kvouyez
Dulu sering tapi semenjak gua stres gila dan ngonsumsi obat anti depresan jadi gak beraturan,HoJiTa97
Obat anti depresan gue mahal ya. Tapi ampuh sih ini 2 jam beneran ga ngerasain stres apapun napas normal ga pendek-pendek lagi nyeri di dada hilang. Semoga bertahan lama,dephorvej
and ur dospem sudah mewati-wanti ini bakal stres dan lo udah disuruh siapin obat anti stres/depresan from the start TAPI ngomongnya sambil ketawa ngeledek,saltmecin
@entilre Minum obat anti stres kah,sssahi___
@felorint @.fanartist tolonggg lihattt ini (meminum obat anti stres),chokeso_
Kampanye kreatif mereka tuh kayak obat anti-stres bikin hati kita tenang dan optimis . Kesejahteraan berlipat ganda Indonesia Makmur Sentosa @itsningningg #GanjarMahfud2024 #GanjarPresidenRakyat #KratonBersamaRakyat https://t.co/EneRlgfvSq,reyhangali13060
@bayuaji_bayuaji @elisa_jkt Nah i must say Ganjar 85 Anies 75 Prabs 50. Ganjar oke banget kali ini Anies kebanyakan ofensif tapi counternya oke lah. Minusnya visi-misinya kurang dijabarin. Prabowo mending beli obat anti stres,MiniMiSAW1
@Just_Bul memang kak mnum obat anti stres tepatnya ,yujimine__
Gak diendorse tapi Nab selalu merekomendasikan dua vitamin ini untuk jaga imun dan anti stres Cara konsumsi : Vitamin C abis sarapan satu tablet tiap hari Vitamin D3 malam hari selepas jadwal obat apapun satu tablet tiap hari. https://t.co/Z1F3YMsqam,Nabscenter
Gibran pemimpin? Tolong beri saya obat anti-stres @dorenifasol https://t.co/rZ35kV5wfC,Muharifin55
ah bikin org stres aj tolong obat anti jihunnya,amlifyoung
@donat_matcha Tentu saja ada. Namanya OAH (Obat Anti Hipertensi) sudah ada sejak tahun 1960 dan sudah miliaran orang yang berobat dengan OAH. Tapi sebisa mungkin kita ga langsung lari ke obat. The most obvious one tentu saja olahraga tidur cukup dan mengelola stres in case dirimu lupa,ruki_yahea
obat anti stres apa?,Flayuzy
@digitimelove cuddling dapat menurunkan stres dengan melepaskan oksitosin yang merupakan obat anti-kecemasan alami,be_nanaf
@kadyasandya gas puskesmas mnta obat anti stres,pawangnyabocil
@kochengfs Kucing itu seperti obat anti-stres yang berjalan sendiri. ,umaryunus_
@kochengfs Kucing itu seperti obat anti-stres yang berjalan sendiri. ,andiwibowwo
@kochengfs Kucing itu seperti obat anti-stres yang berjalan sendiri. ,zainal_abdii
@HIS00JIN ak dateng amplonya isi obat anti stres,hyojihoney2
@DerryDeff @Dennysiregar7 Wkwkwkwk.. Sumpah serapah dari kadrun pengkavling surga gak bakal jadi kenyataan... Yang ada mending ente siapin obat anti stres mulai sekarang dari pada entar di 2024 kehabisan stok baik di RS maupun apotik kan susah... Bisa2 ente stres permanen,arsin_deboer
@tanyakanrl Obat anti stres apaan yak?,gerythecats66
hhhhhh info obat anti ngeluh stres rasanya saya jadi human kok isinya ngeluhh stres muluu,scrt8403
Kucing aku tuh anti banget sama panas. Harus tempat dingin. Selalu bobo di lantai. Kasian dia lemes banget abis di kasih obat dan antibiotik. Jujur salah gw juga ga expert kasih obat jadi mungkin dia makin stres. Cepet sembuh ya sayang. Ini dia selimutan sendiri. Minta doanya ya https://t.co/1vaobQ1oay,bijjihh
fix obat stres gue adalah jeno poppy poppy sama jaemin anti fragile,CloudlyLu
Smt 3 aku stres parah sakit sakitan bahkan takut pegang hp paling anti sama suara notifikasi bahkan notifikasi di hp temenku sampe aku bilang bisa ga si notifnya di getar aja kok bisa notifmu kamu bunyiin Di akhir semester aku anemia. Udah mah ga bisa minum obat-,lemoniloijoo
@hazelnutsmach jangan lupa prepare obat anti stres sama mleyot ,bunnyongf_
Hati yg gembira adalah obat anti tua...bisa menjadi antibodi menangkal berbagai penyakit..jgn mau stres ya... https://t.co/MGGllMdnGS,Ruswand52798788
@GoldMine82 @SBImpian @siiemak @RawonStats @emosijiwakucom Siapkan obat penurun stres mas dan juga anti jantungan ,arif_penjor
‍ SKRIPSI BIKIN SENSI ‍ Hayoo absen dulu nih siapa aja Sobat Bangalore yang masih berkutat sama skripsi? Mimin doakan cepet lulus ya AAMIIN Cerita dong ke mimin apa aja obat ampuh anti stres kalian kalau lagi capek banget skripsian? Yuk tulis di kolom balasan ya! https://t.co/cniO0Bz0VB,fsbangalore_id
nonton bajuri obat anti stres paling mujarab https://t.co/jemKSRq2Gw,aglioolio94
Obat anti depresan cukup ngebantu gue dalam mengelola emosi. Sehingga stres yg dihasilkan gak separah biasanya. Ini berpengaruh juga ke asam lambung gue. Jadinya gue nyoba untuk latihan puasa buat tes ombak.,gemimoo_
@syaaapjmine INI GA SIH OBAT ANTI STRES TUH?️ https://t.co/GwIRHJcBiz,ttaeangelic
@ttaeangelic MAU GUE TAMPOL 5 DETIK GK LU? GILA APA YA OBAT ANTI STRES APA,syaaapjmine
@ArditErwandha emang punya duit itu obat anti aging. gak punya lebih banyak stres coba kalau punya duit gak abis2 mana bisa stres,nanovond
Child free adalah obat anti aging terbaik. Bohong. Child free ga punya duit ditambah banyak keinginan mah tetep aja ga ngaruh. Sesungguhnya obat anti aging terbaik sama dengan obat stres paling mujarab yaitu iman dan taqwa.,indraaprabuu
@fogced Tolong beri aku obat anti loyo anti stres dan anti anxiety. M-90625 T-T,arborvitae__
obat duniawi anti gila+stres w emang ngehalu jalur drakor keknya ,jasmineraissa
@sparklingnunna @ATEEZofficial nah masalahnya lupa beli obat anti mleyotnya masih bisa napas tapi udah lemas tak berdaya. mana bajunya silver mencolok pula. kan jadi tambah stres yaaahhh aku gak kesana karna tiketnya mahal banget :(,marsddeonghwa98
akuntansi emang bagus buat jadi obat anti stres,aftermetay
Lama pnyk emak bar gini butuh ektra sabar deh : ndok gc kepengen pacaran kyk konco e pean ta Me:lah kn emg ngerti pacar ku adoh mak onk thailand : owalh ndok nek kate turu obat anti stres ojok lali di ombe cek gc tmbah parah Me:cuma bisa cengo di katain gila ama emak,Homza57663288
@NegeriKolam Anda mulai stres ya. Jgn lupa minum obat anti sress ya,GandaMa20147903
GILAK GILAK KEMARIN GW MELAKUKAN KEBAIKAN APA YA SAMPE KETEMU MAS CRUSH PARIS KU 2X DALAM SEHARI??? [mmnum obat anti stres],lobyumark
Manfaat Konsumsi Kopi Tiap Pagi Hari: Anti Stres Hingga Obat Diet https://t.co/h74xmP0seR,moneydotid
Manfaat Konsumsi Kopi Tiap Pagi Hari: Anti Stres Hingga Obat Diet https://t.co/WcIMNHqr7y,newscast_id
Obat Galau anti stres pereda gila #INDvAUS #ChikaBeContinued Lihat video populer saat ini https://t.co/MzQnvdbCz1 Saksikan video ini https://t.co/JrmiSBnDOa https://t.co/NbPePMupwf https://t.co/97ZPg0khtj https://t.co/xKuuqqhFXC,ruSSound18
Sebuah foto bisa menjadi salah satu obat anti stres apabila momen yang dihasilkan terlihat lucu dan bikin ngakak. Penasaran? Yuk intip foto-fotonya. https://t.co/pFYPLSNoom,detikcom
@yourpetsfess Df felibite catchoize beauty oricat Wf lifecat.. Yg wajib dibeli litterbox pasir serok shampo anti jamur &amp; kutu obat cacing (cukup 3bulan sekali). Kl mandi karna dia lagi hamil sebaiknya mandiin klo dia bener² kotor aja soalnya takutnya dia stres trus dampaknya ke debay..,exo_forlove02
@dinadimu Obat anti stres ituh Din insyaAlloh utk setiap peliharaan yg kita jaga Alloh titipkan rezeki sebagai gantinya aamiin yra,msyeni
@invaluxble Mau vitamin sama obat anti stres ya.,redxsummer
@svahafibugm Aku awal masuk kls 12 smpet kena stres ketakutan udh dri dulu jdi korban bullying jdi trauma trus²an trus dibawa ke psikiater di RS ya aku kena depresi berat smpe minum obat anti depresan tpi cuman bentar kok. Klu biaya soalnya aku RS kali ya kmrn itu kena 450k,rasamatchaenak
@staycloce Iyh mungkin yh ada obat anti stres ga c https://t.co/xmqkB8TVgO,strawberrycano
Kalo abis workout tuh rasanya kek plong gitu pikiran apalagi kalo ada motivasi sesuatu. Bawaannya terpacu terus padahal mah badan udh ngga sanggup lagi ampe kunang2 . Emang bener obat anti stres yg murah tuh workout ,Blaketupluk1
@AdmirerFelicia Karena obat anti depresan sepengetahuan ku itu bikin pengonsumsi nya addicted. I mean klo misalkan si pengonsumsi nya dikit2 stres dan merasa ganyaman dikit dia pasti bner2 nyari itu obat buat nenangin diri~ mgkn masuk ke psikotropika(?),ur_cayy01
@JEONGVVOO4 semangatt enih ak kasi obat anti stres https://t.co/7MXMEohXob,yoonjaehiuk
kl udh pusink stres kerja solusinya : obat puyeng aka bodreg bando anti lemes https://t.co/kenLXjidsx,thvaifaivu
 Gue jadi kpopers tuh buat healing buat obat stres dari rl Meanwhile... banyak kpopers yg kalo udah ngehujat bikin orang sampe depressed Speak up sana sini katanya anti banget sama kasus bullying tapi sendirinya ngehujat/ngebully berkedok kritik wk,urskylight
@elryujins Obat anti stres:) kan senyum senyum katanya?,inirpjennie
@Fooster01 @RoyWill555 Biasanya karna faktor obat anti stres,TOLOL31041605
Obat anti stres ada g y,beyourluvee
obat anti stres apa ya,mencekaI
Dearest @BTS_twt terimakasih untuk semuanya. Udah jadi obat disaat stres jadi penghibur saat sepi jadi penyemangat jadi motivasi semuanya gak bisa disebutin satu2. Sedih banget sebenernya tapi tetep akan setia nungguin kalian janji gk akan berpaling ke siapapun. Thank u @BTS_twt,mintchoco_anti
P saran obat anti stres,sumehlem
Mulai bikin alarm aja sendiri vin Waktu minum obat migren Waktu minum obat saraf Waktu ngecek hape liat helen udah chat apa belom Waktu minum obat anti stres Waktu Indonesia Bercandaaa ,dailieskate
Asli berasa mau pasang bendara putih tp gaboleh. Ngerti ga sih. Dikasih obat anti nyeri PD ga kempes2 udh ikutin pijit laktasi tp sama sekali ga ada perubahan. Mastitis bener bikin hormon berubah drastis. Stres di tambah omong2an yg makin bikin stres,RHWirastii
Dokter stres Surat Izin Praktek (SIP) dicabut 2012 DO S3 @fkmui 2017 Dagang obat herbal dg mendesak lockdown &amp; anti vaksin Mengaku punya 5 paten di @Kemenkumham_RI &amp; ahli Fisika Quantum spt @budimandjatmiko Memfitnah @kemenkomarves @satgascovid19id @BudiGSadikin @KemenkesRI,_SEKNAS_RI
Dalam pengiriman bibit kami sertakan pula obat stres anti layu untuk penyiraman setelah barang sampai dengan ketentuan order berlaku https://t.co/xkWpUHxSoU,SahabatalamAlam
@cakespaw mau obat anti stres,ttheearthe
JaeHwall Lokal AU (Flashback again) ° ° Obat Anti Stres Ku ° ° 01. https://t.co/j316hAjLTg,theb_bby
Mark lee kira-kira video teasernya keluar kapan? Wkwkkwk gua harus siapin mental dan obat anti stres nihh YUK YUK GUA SIAP DIBUAT GILAA #MARK #MARK_Child https://t.co/P5vlGEtM4q,_Liliaaa78
Balik dari dokter dikasih obat anti cemas Bukannya seneng malah makin stres Anji...r,fahrisani47
Cerita Akhir Pekan Obat Anti Stres https://t.co/PxQ2yJ8d2G https://t.co/w9SwIj45AE,BangsaGuru
@darkpinkeuseo ada ni obat anti stres,wufflechan
@apelibe8 Anggap saja obat anti stres ,siftmalamstori
kekny lu stres.. belum minum obat anti gila ya?,mhcnlof
@SAHABATAnies1 @faktaanies @bos_sir @Densus722 @kebijakananies @kebijakananies_ @tatakujiyati Melihat JIS mudah2an tdk ada yg mengginggil dibarengin dgn bullyan krn mereka sdh minum obat anti stres dan obat tidur nyenyak,Budionotaslim3
@yourpetsfess Bukan bipolar tapi ada kucing keluarga. Dinyatakan stres karena harus pindah negara jd mesti beradaptasi. Mana dia tipikal kucing yg gk pandai bergaul makin-makin lah. Sampai katanya harus minum obat anti stres,anekchandesu
️ ada obat anti stres ga si?,moonareas
Rutin mengonsumsi obat anti epilepsi (OAE) istirahat cukup tidur makan teratur mengurangi kegiatan menonton dan berada di depan komputer terlalu lama serta menghindari kelelahan dan stres adalah caranya.,SribuAlasan
DICARI OBAT ANTI STRES ANTI MENTAL YUPI https://t.co/9FDiSWBp7k,withjjeongie
Pada banyak yang bingung 11.11 besok mau belanja apa wkwkw kalo ada obat anti overthinking sama stres udah w check out duluan dah,starryonturn
@gl0omysoul ni obat anti stres untukmu ,hochiecoochie
Prasaan tadi lewat ss ini semester 5 skrg semester 1 sendernya kuliah di 2 tempatkah? Menurut ak sih cukup ya nder segitu dgn kulia di 2 tempat eh kurang ga sih? 1 tempat aja udh buat stres nambah 1 tempat lagi bisa gila lu ya itung2 buat obat anti depresi lah,xyobo
Olahraga adalah obat anti stres,Marzukiisqandar
rekomendasi obat anti stres dong ,Ardeaftr1
Kalo buat aku kayak obat anti stres sih haha,bilamenjadiasu
GUE G WRS TLNK BAGI OBAT ANTI STRES,heyunzales
@nshkmm_ perlu obat anti stres ga,mochirakie
Maag atau Dispepsia adalah gejala penyakit berupa rasa nyeri &amp; panas pada lambung yang terjadi akibat sejumlah kondisi.Diantaranya luka terbuka pada lapisan dalam lambung (tukak lambung) infeksi bakteri Helicobacter Pylori efek samping penggunaan obat anti inflamasi dan stres.,yatsribgroup
@ncitbasefess nderr mari minum obat anti stress bersamaku yuk kamu dan aku sama2 stres menghadapi para kating ncit kita ini,baldcute
@rafiqulilmi @jiemiardian Yg psikologi cb kasi insight: depresi itu stres yg abis minum obat kuat. Gampangnya: kalo stres kmu masih bisa maki2 org kalo depresi boro2 'ah bodoamatlah',anti_tesis
@BTS_twt Hai ka yoongi. Obat anti depresi atau stres apa sih? Capek banget.,bihtmyg93
@ohmybeautybank Aku ke dokter spkk lumayan mulus kaki ga bnyak bintik-bintik. saran dokter nya jgn stres tidur teratur sama jgn cape. Dikasih obat sama salep. Rajin pake handbody jga mau tdur pasang anti nyamuk sama kibas kibas kasur dan jgn lupa rajin cuci kaki klo abis dr luar,parkyeonj
ada yg punya obat anti stres mtk dan fisika ga.........akh perlu itu obat ,daykani_by
PAMERAN VIRTUAL ARCHPROJECT 2021! Kesibukan sehari-hari yang berulang kerap membuat jenuh hingga pikiran menjadi keruh. Dan kini Archproject 2021 Virtual Exhibition hadir dengan ruang baru yang mencerminkan obat anti stres dan jenuh! Y https://t.co/4ZoYRiUY9G https://t.co/q6wxJqcbCj,HIMASTHAPATI
@__Sridiana_3va @CttnDmkrs Banyak berita simpang siur. Tanya sm teman2 dokter soal sy hrs bagaimana saat sy ga bs tidur berhari2 krn efek obat yg sy minum dan efek stres...ada yg nyuruh minum obat anti cemas ada yg melarang krn bahaya katanya. Akibatnya sy makin sakit akibat ga tidur2 hampir sebulan.,AnitaNi21330062
@Sasageyomsg Bismillah minum obat anti stres,marrrssiie
Turut Peringati Hari Anti Narkotika Internasional (HANI) Shinta Priwit Rilis Lagu Berjudul 'Obat Stres' https://t.co/xiEbPkagng,2sosdua1415
@Beritasatu Alhamdullah suamiku sehat terpapar covid.isolasi mandiri.asal jangan stres dan yg merawatpun harus happy.makan vit yg teratur.trus cari obat anti virus.usahakan makan walau sedikit.,iraa1976
Turut Peringati Hari Anti Narkotika Internasional (HANI) Shinta Priwit Rilis Lagu Berjudul 'Obat Stres' https://t.co/RlJssbtHQR,InfoMusikDunia
Turut Peringati Hari Anti Narkotika Internasional (HANI) Shinta Priwit Rilis Lagu Berjudul 'Obat Stres' https://t.co/7b7V8Gpc99,MusikKL
@EnggalPMT Kalo stres mending ke psikiater aja. Psikoterapi terus dikasih obat obatan anti depresan supaya gak stress kek jenis obat golongan SSRI bukan metafetamin dan perbanyak ibadah.,smsbankin
@12O1Kiddos *memberi obat anti stres*,yunyaci
Penelitian dari University of Sussex di Inggris bahkan telah membuktikan kegiatan membaca bisa menjadi obat anti stres yang ampuh hingga 68%. Dokter Lewis yang memimpin tes tersebut mengatakan menghanyutkan diri dalam sebuah buku merupakan sebuah relaksasi yang luar biasa.,mitoreadbooks
@reneleoo Huhuhu.... mantai emang obat anti stres ya teh...,imarmarwatih
@ReynaldiAdi1 Kalau ada obat anti stres dan masuk obat psikotropika dan dibutuhkan. Gimana mengkonsumsi secara aman tanpa harus takut dipidana aparat. @sattiradja2 Kalau ada yg ngaku depresi mmg yg dicari kenikmatan. Apa depresinya hilang?,bebasdotid
GUE STRES WOOYOUNG bagi obat anti mleyot juseyo,holyrosyy
yang bilang TTS itu obat anti stres harus kita keplak palanye. yang ada makin stres karena gak nemu2 jawaban yg belom padahal dikit lagi beres. hadeeehhh https://t.co/79XyuXaNXj,afternoonblues
@amanbrug minum obat anti stres man,ctncandyy_
Besok vminhope. Jidat taehyung rainbow hair jimin blonde hobi stres bgt. Jangan lupa minum obat anti mleyot...,daylilykim
HAHAHAH obat anti stres ada egk ya,jaylovepage
sekalian obat anti stres dong yos,lovenryu
@dkaskrk ada obat anti stres ga si,L__DOKYEOM
Sakit maag secara umum gejala awalnya ringan-ringan saja seperti seringnya bersendawa perut kembung dan mual. Secara medis sakit maag disebabkan oleh luka terbuka yang terjadi di lapisan dalam lambung infeksi bakteri efek samping konsumsi obat anti inflamasi dan stres. https://t.co/1uUVG2iuym,runut_
@dr_koko28 Bsk saya ada rencana ke dr gigi di poli kantor...sdh cenut2 sjk sbtu..saat ini bertahan dgn mnm obat anti nyeri...asli ada rasa takut dgn wabah ini dgn penularaan ditempat2 yg tak terduga...tapi kalo nggak ke dr gigi.. bs stres jg ngerasain cenut2 nya,lovegreen4ever
@alhennnaa Karena terganggunya pola tdr merupakan efek dari depresi atau stres dan setelah aku di beri rujukan ke psikolog aku terkena depresi yg berkepanjangan jadi di kasih obat anti depresan dan obat tdr,Rizal_Rimbaa
@intancaaa Ramen obat anti stres isine kerang dan kuahe aga kentel kaya ada krimnya. Kerange asem dadi gawe stres.,ardimr
@K1ngPurw4 @Dennysiregar7 Dia sdg sembunyi di pudkesmas cari obat anti stres,LubisSallim
RT @tempodotco: Psikiater menuturkan narkotika dan obat-obat terlarang bisa jadi jalan pintas bagi individu yang merasa stres selama pandemi COVID-19. #narkoba #covid19 https://t.co/Oi17kBVpx1,AntiNarkoba_com
@merapi_news @rudics Alhamdulillah nek wes do kangen plesir. Plesir obat stres imun menjadi baik. Anti corona jelas. Sek penting ojo kemproh. #simple,febiAk
Sp jual obat anti stres?,SiskaACS
@Tinderloverp_ @ahahangyul @ROJE97s WKWKW JANGAN LUPA MINUM OBAT ANTI STRES,jangbgyuri
+ tetap berada di rumah. Pasti ada beberapa orang yang merasa terkurung di dalam rumah stres karena WFH dan sebagainya. Belum lagi cemas khawatir orang terdekat terjangkit. Kemarin gue baca kalau permintaan resep obat anti-cemas meningkat di tengah pandemi ini. ⠀,curioshities
@slvrqueenn_ Diet acne itu gimana y?? Kok tau sih ak stres:( Ak udah coba pake obat totol anti jerawat nya dari purbasari sampe habis masih tetep aja,Ceunab
@mutiarasyahdina ngobrol sama tembok obat anti stres mah,ryannnrapr
#SUPERKompasTV tentu bisa jadi obat anti stres selama kamu #TerhubungDariRumah. Jangan sampe ketinggalan nonton keseruan para komika malam ini pkl 20.00 WIB. Live streaming: https://t.co/3ITaXlB0Xq https://t.co/Veb3hkVJvG,KompasTV
#SUPERKompasTV tentu bisa jadi obat anti stres selama kamu #TerhubungDariRumah. Jangan sampe ketinggalan nonton ya besok pkl 20.00 WIB hanya di KompasTV. Live streaming: https://t.co/3ITaXljpyQ https://t.co/cRky08WSAw,KompasTV
@padmaaga obat anti stres awowkwok,svnrais
@omikchu ojo stres &amp; dikon menghindari obat anti inflamasi non steroid pemicune. aku kan kerep ngelu/migrain &amp; nek mens loro banget njuk takombeni obat2an penghilanh rasa sakit.,diaryumbi
Me: *bangun tidur ke kulkas minum obat mag* : kamu stres ta nduk? : KON STRES LAPOO Anu aku cuma minum obat mag loh. Bukan obat anti depresan..,shellydea
Sirik aku mah sama ayam nya kakek mereka dikasih vitamin obat anti stres obat penambah nafsu makan dll. Aku stres smpe ganapsu makan boro2 dikasih obat yang ada diomelin dibilang ga dewasa. MashaAllah tabarakallah.,marinachita1
@wisnuvidya Tapi..tapi..citalopramnya murah....nah JK labelnya obat anti stres triggereeedd,mithya_s
@badmintonfess Badminton = hobi jadi obat kalau lagi sakit anti stres. Waktu kuliah hampir tiap hari main badminton kalau nggak main pun seenggaknya dtg ke lapangan lihat orang main. Nonton badminton di tv juga jadi hiburan terbaik. Mulai sirnas sampai SS oke semua.,indrastobh
@PriyoBudiS Planga plongo itu obat anti stres.,MawasDir
Obat anti stres harganya malah bikin stres,permadisatya
Gimana ya kalau dokter-dokter bilang enggak boleh stres itu tuh maksudnya gimana ya? Adakah cara enggak stress? Ada obatnya? Kayaknya yang gue butuhin tuh bukan obat A B dan C tapi emang obat anti stres aja kali.,ansaudi
Rumput Laut Obat Anti Stres Kambing - https://t.co/NUMAfD08uW https://t.co/E1OsJi8nBH,starjogja
@kumparan @MuhammadAndre1_ Karena rokok obat anti stres jadi tidak laku,abbass_ai
Cegah hipetensi denga cek kesehatan secara berkala berhenti merokok rajin aktifitas fisik diet rendah garam istirahat cukup kelola stres. Bagi penderita hipertensi disarankan memiliki gaya hidup sehat minum obat anti hipertensi secara teratur sesuai rekomendasi dokter https://t.co/otqK0neIlX,gleneagles_sby
@budimandjatmiko @KingPurwa Bnyak2 mnum obat anti stres bud bnyak2 istiqfar..,AhmatAaa
Obat Anti Stres Picu Disfungsi Seksual | Health https://t.co/WJ5PYR4OYn,eR_Haryadi
Obat Anti Stres Picu Disfungsi Seksual https://t.co/NB7QpS2hql,GATRA_com
@polcangel Padahal dia sudah punya obat anti stres paling mujarab se galaksi. https://t.co/OKsWtVpPlI,sudahcair
Saya menjual Bio Aura De Nature Obat Stres Anti Depresi Penenang Jiwa seharga Rp150.000. Dapatkan produk ini hanya di Shopee! https://t.co/vnduHodOhm #ShopeeID https://t.co/qbXwC6Q7Gk,DenatureIndones
@UdinNachiro @AdhieMassardi Sdh cape lah dengerin orang stres semua apapun disalahkan &amp; di fitnah. Klu mau jual obat di pasar saja.,Bimastrong9999
@mufc_prana @nda_herdian @ikyputraa @BotKawalPemilu1 @KawalPemilu2019 kalau punya data C1 gak mungkin salah. harusnya njenegan yg siapkan obat anti stres karena tdk memiliki data c1.. baru bingung mengumpulkan C1 yg paslon 02 sdh merekap hampir 800rb tps. senyum,PutraRanggalaw7
Cegukan atau Hiccup Bisa Terjadi Karena Stres dan Konsumsi Obat anti-Depresan https://t.co/AQ60oeyOZ5,Bisniscom
@deas001 Jualan obat anti stres laris nih,adisang77
Melati telah dikenal sebagai salah satu jenis afrodisiak atau suatu zat yang dapat memberikan efek menenangkan dan mengurangi stres. Wangi melati sendiri ternyata dapat bekerja seperti obat anti depresan. #teamor #bautywithtea,IdTeamor
@Fahrihamzah Kasihan sudah mulai stress ya. Persiapkan obat anti stres,CkyJayanofarika
Gue cukup kenal seorang ibu yg stres mendekati depresi. Yg minum obat anti depresan karna melahirkan anak. Sebelum pernikahan kesepakatan mereka adalah tidak memiliki anak namun Tuhan berkehendak lain. Skrg anaknya mau dua tahun. Dan berat badan si ibu skrg cuma 39kg dr 50an,anggitanjung
@Fahrihamzah Dan dimohon dg hormat lg sangat Kemenkes utk siapkan obat anti depresi yg banyak pasca tgl 17 April 2019 di seluruh pelosok negeri. Karena menurut ramalan wayang ghoib..... setelah tgl itu banyak orang yang menderita stres dan sakit jiwa.,MatreyaBumee
@hana_4TAA @Dahnilanzar @RizmaWidiono @4Y4NKZ @NaneDianti @NurmaTgr Obat anti stres wowo-sandi di hibur kata oleh #BPN,PaeLina2
Duet Tik Tok Obat Anti Stres LUCU#KEREN PART 2 | #videolucu | Video Lucu Terbaru 2019 #ngakak | Bikin Ngakak https://t.co/lnOwTdCFka,ukhuwahcoid
Ke dokter kasih tau keluhan sakitnya terus di jawab sakitnya efek dari stres banyak pikiran. Minta resep anti stres dokternya kasih obat anti gatel :)))),AprilianiF
@Ardhan_syahil @haikal_hassan Obat anti stres....soalnya bentar lagi kampret GILA BERJAMAAH,yunus_lubalu
kenapa sy pilih mancing ketika libur kerja? terbukti mancing adalah obat anti stres yg ampuh jg bisa melatih diri untuk bersabar. ayo mancing.,Orlandoando1
Olah Vokal kui Yo Podo Wae Olah Rogo Gaes menyanyi bisa jdi Obat Anti Galau Stres Penat dll @ Welahan Kec: Watumalang Kab: Wonosobo https://t.co/7ekGFy7Gu0,adamjagad_2000
@Widzahr__ Nyusulin ibuk bobok juga bisa buat obat anti stres..,irehsheri
Tekanan Kerja Tik Tok Obat Anti Stres https://t.co/cbam5unSBg,lv27230100
Itu bagus pak.buat obat stres.kl nanti gagal juga boleh i tambahin lg pak bayangan di belakangnya biar ngga setreslah,Portal20965526
@arizt_pedhezt Obat anti stres g mulih sebulan. ,wawangpurba
Anti Stres Ini 7 Cara Menjaga Kesehatan Mentalmu di Lingkungan Kerja - IDN Times (Siaran Pers) (Blog) https://t.co/vXgY6gVfKm,ObatAsma
Obat anti galau ama anti stres gratis ga perlu keluar duit bnyk2 tp pahala berlimpah jika diamalkan baca al-quran .. https://t.co/Ze3RcFn7L8,Ade_Brianza
@Abangbaekhyn Tp minum obat anti stres dluu^_^ wkwk,minaytwc
#Hey...ternyata makan daging ayam itu mampu melepaskan stres hingga bisa meningkatkan suasana hati karena saging ayam mengandung asam amino triptophan yg berfungsi seperti obat anti depresi. @GspRadio,Nunsugiharti
Saya menambahkan video ke playlist @YouTube https://t.co/SaJY0E3sxc TIK TOK OBAT STRES ANTI GALAU | PART 1,akun_reTweet
Duet Tik Tok Obat Anti Stres LUCU #KEREN https://t.co/Dtg8mr9dK6,AnchaChool
Almondtree Pondok Indah Mall 1 Cari obat anti mumet anti bete dan anti stres? Cepetan mampir ke #almondtreecakes dan cemilin Chocolate Mud Cake! Thank us later https://t.co/u9K00UuSFf,almondtreecakes
Saya suka video @YouTube https://t.co/5ihOkIf7kn Duet Tik Tok Obat Anti Stres LUCU #KEREN,jaxstriat
Saya suka video @YouTube https://t.co/SbZiZO1xVh Duet Tik Tok Obat Anti Stres LUCU #KEREN,MissvMiss
Duet Tik Tok Obat Anti Stres LUCU#KEREN PART 2 https://t.co/F944ji3eIL,lv27230100
Ini Dia Obat Anti Stres dari Kemangi Buatan Mahasiswa Unair https://t.co/aAbaO40VeY https://t.co/DhMp8PDqJw,officialinews_
Ini Dia Obat Anti Stres dari Kemangi Buatan Mahasiswa Unair https://t.co/WcAUwP3n4U,andri000me_15
Ini Dia Obat Anti Stres dari Kemangi Buatan Mahasiswa Unair https://t.co/kD0Kv1x2wM,SINDOnews
Ini Dia Obat Anti Stres dari Kemangi Buatan Mahasiswa Unair https://t.co/cCCz97IGcG,MNCkoranSINDO
Obat Anti Stres TIKTOK Di Mana Mana Sepanjang Waktu Lucu#Keren https://t.co/cnetbnl61C,lv27230100
Duet Tik Tok Obat Anti Stres LUCU #KEREN https://t.co/efnodcTROF,lv27230100
@lisacchan211 Iya si semoga ga terlalu stres yang sampe harus minum obat anti depresi ,kyunchan24
@dkarhita @ThenBagoess @dioneka781 Ngomong apaan sih lo? Obat anti stres udah diminum? Sono buruan minum.!!! ... Hahahaha,IbrahimGarcia19
@Vladimir_Hosptl Maw obat anti stres ja ada?,_Yeojacxox
Harimu Berat? Coba Lihat 10 Foto Anti Stres Ini Dijamin Hilang Lelahmu https://t.co/LjMzt5Tz0H https://t.co/03PK1VA7ux,Obat_HIV
@Muslim_Bersatu1 BARISAN STREESSS 19 MISKIN AGAMA KAYAKNYA Y BOS. G DA LG KERJAAN SELAIN PUISI APA ITU OBAT ANTI STRES YG DIAJERIN DLM PARTAI?? KIDUNG PERPECAHAN!!!,iwangsadewa
@mkhumaini obat anti stres/panik ikhlas semua apa yg terjadi pak dhe manusia hanya diminta berikhtiar,Bintang46130587
Buku Qanaah Obat Anti Stres https://t.co/6df68BFJ6T,toko_muslim
Suara Air Obat Anti Stres Paling Manjur Untuk Burung: https://t.co/uSLgmcO0x8 melalui @YouTube,mdr_wahyu
Saya menambahkan video ke playlist @YouTube https://t.co/uSLgmcO0x8 Suara Air Obat Anti Stres Paling Manjur Untuk Burung,mdr_wahyu
Bikin Obat `Anti Stres` Hewan IPB Ukir Prestasi di Malaysia Riset yang dikembangkan karena keresahan harga... https://t.co/5bRLZP2dfy,cnm_saw
Bikin Obat `Anti Stres` Hewan IPB Ukir Prestasi di Malaysia Riset yang dikembangkan karena keresahan harga... https://t.co/j8J4LMs7nf,sumberita_id
Tanpa Busana Naked Yoga Bisa Jadi Obat Anti Stres https://t.co/p230BSMWN2,bintangcomID
Wedang Jaeh Happy Birthday yeee! Semoga gua makin cantik aminnn Nih kadonya obat gendeng buat elu obat anti stress buat chaeyeon biar dia ga stres ngadepin lu wkwkwk Kalo obat kuatnya buat kalian berdua biar anaknya banyak. Aminnn! https://t.co/HOP51przdF,eurolaff
5. Daun Kemangi. daun kemangi juga dipercaya dpt mengobati sariawan dgn cepat. Caranya kunyah 12 lembar daun kemangi 3-4 x sehari dilanjutkan dgn meminum segelas air putih. Daun kemangi yg dianggap sebagai obat anti stres yg menjadi penyebab munculnya sariawan.,DonganIm3
@Vladimir_Hosptl Lupaan :3 Anti galau obat ujian ante stres dah itu aja,_Yeojacxox
Buku Qanaah Obat Anti Stres https://t.co/6df68BFJ6T,toko_muslim
Menangis Adalah Obat Anti Stres Alami https://t.co/znGUpys1d7 #netralnews https://t.co/0zIhTN0IGq,netralnews
Obat anti stres hari Senin ada disini. Geser gambar unuk cekidot yaaa Periode katalog Oktober https://t.co/K2DAHbRvZE,mbaratna
@dr_gundi Sbagian kecil mnggunakan u obat anti stres u istirahat dr beban pikiran krn curhat tdk bs.terkdg jg u mngatasi spy bisa tidur.Allahu a'lam,ElsaMartina2
@Vladimir_Hosptl Obat anti ngambek kirim ke Vvanelysa obat move on quelencia obat anti stres kirim ke vernorexiaaa obat peka kirim ke Jwnwu ,blcxswan
 Obat anti stres cuma dengan tersenyum loh #TahukahKamu https://t.co/banx0fd03N,suaradotcom
Mskipun masing2 teman mmiliki karakter yg ber-beda2 dg sgla klebihan &amp; kkurangan mreka seolah sperti skumpulan obat * anti stres* ,budi_istiyono
Dipercaya Sebagai Obat Anti Stres Untuk #Tanaman #Harga Vitamin B1 Dijual Rp https://t.co/ljAJ9a11Yi #kursrupiah,hargatarif
Salah besar.... bukan overdosis narkoba tapi overdosis obat penenang anti stres. Hati-hati kalo buat artikel. https://t.co/coyQBEVeAh,yuriastriani
Stres T.O.P Big Bang Konsumsi Obat Anti Depresi Hingga Overdosis https://t.co/f2DMG0cpbh #merahputih #bigbang,newsmerahputih
@coffeewing ah luka lama...tapi gak pa2 selalu ditonton ulang sbg obat anti stres XD,micimochi
Obat anti stres .. Kolam No.1 sebulan lagi sudah panen insya allah https://t.co/A84DZj02W3,rafiv_rahman
@anti_densus88 liberal stres?...kurang ngopi rupanya atau telat minum obat #kasihan,YWakhyudi
Obat galau dan anti stres dalam menghadapi masalah. #quran #holyquran @ Smk It Marinah Al Hidayah https://t.co/FrjTxM1PNb,SMKMarinah
Obat galau dan anti stres dalam menghadapi masalah. #quran #holyquran @ Smk It Marinah Al Hidayah https://t.co/Kt7PqOZA94,SMKMarinah
Buku Islam Qana'ah Obat Anti Stres https://t.co/crXXD7R3gq,bukunikimura
Buku Qanaah Obat Anti Stres https://t.co/6df68BFJ6T,toko_muslim
Bisa obat stres kita nich BILLY ANTI JONES https://t.co/QTzifk5gOt,wiwinkenanga
asam lambung berlebihan terjadi karena stres... solusinya : olah raga tdk makan pedas dan perlu obat anti-depresi!! https://t.co/jeAmt0jZ21,RinaHerk
kegiatan berdoa akan menjadi obat anti stres. Jika kita fokus berdoa akan menghadirkan ketenangan. https://t.co/2vg6S4ZgTg,PYI_Indonesia
kegiatan berdoa akan menjadi obat anti stres. Jika kita fokus berdoa akan menghadirkan ketenangan. https://t.co/QCzmv3ILNd,PYI_Indonesia
Obat anti stres aja.gawoe panggil irene aja https://t.co/qzJO9fYEk5,irenerv_rv
Redakan stres &amp; rasa lelah dengan berlatih yoga. Jauhi obat anti depresant obat stamina dan obat tidur #yoga4stres #gofit,gofitid2
Manfaat sawi putih: 1. Pencegah kanker 2. Sebagai obat penenang dan anti stres 3. Mengurangi resiko penyakit jantung https://t.co/bAEURSO5L2,GOIFEX
@KlKODANlEL penadah dan penyalur obat anti stres :),Infinitekyuz
@bokulos akun loh yg super per abal 2 g sadar diri. Sdh minum obat anti BOHONG !!!. hahahahhehe senang liat loh stres stroke mampus,Hambaal77193721
-Obat anti depresan &gt; obat yg digunakan untuk mengurangi rasa nyeri pada lambung- pasti karna stres.. #KTZ936,joclkerr
'&gt;&gt; luka di lapisan dalam lambung infeksi bakteri Helicobacter pylori efek samping obat anti inflamasi nonsteroid (OAINS) stres.' #EHR122,kaleidoshooter
&gt;&gt; - stres - infeksi bakteri Helicobacter pylori - efek samping penggunaan obat anti inflamasi nonsteroid (OAINS) #EHR148,sophrxsy
MASTERAN KACER TERBAIK JUARA GACOR OBAT KACER ANTI STRES: https://t.co/Vp3zwfo1I7 melalui @YouTube,falitulloh
Wah! 5 Aroma Segar Anti-Stres Ini Bisa Bikin Kerja Lebih Semangat https://t.co/201bxxS5qc https://t.co/gJkexDMXIN,diabetherb
Catatan kami di akhir thn jgn salah dlm brtuhan jgn smpai trlintas dlm hati bhw obat anti galau/bimbang/stres itu adlh miras narkoba dsb,zul_aidin201
@scarletise stres bisa sih makanya jangan stres terus!!! Ato lagi minum obat anti radang? Bisa juga tuh,yamgorenk
@Vladimir_Hosptl Obat anti stres aja,ikonscanu
Gue kasih dia obat anti stres #Hati2DenganJenkKelin,effeiz_ainnei
Inilah Delapan Tips Dari Pramugari Obat Anti Stres Saat Melakukan Perjalanan Wisata https://t.co/cZHfiWnMBp,idaulat
Inilah Delapan Tips Dari Pramugari Obat Anti Stres Saat Melakukan Perjalanan Wisata https://t.co/GjHRQwEOJ8,Telegraf_ID
Nah @rezanatareza udah siap bagi2 obat anti stres kesel sumpek gundah sedih duka dan lara. Langsung merapat di #FreeNEasy kuy!,mradiosby
Hampir 2 bulan tiap hari minum obat anti depresan. Karena dokter diagnosa sakit kepalaku ini efek stres. Awuwuwu...efeknya luar biasa.,halo_ini_ayu
Di Tas Jessica Wongso Ditemukan Obat Anti Stres dan Depresi https://t.co/z3saB1WD7x,krisxoxom
Di Tas Jessica Wongso Ditemukan Obat Anti Stres dan Depresi https://t.co/n8gixikHex,GreenRanger1926
Di Tas Jessica Wongso Ditemukan Obat Anti Stres dan Depresi https://t.co/3R7zOVypJL,kokolohan
Di Tas Jessica Wongso Ditemukan Obat Anti Stres dan Depresi https://t.co/undeSb7jr4,notsoojunga
Di Tas Jessica Wongso Ditemukan Obat Anti Stres dan Depresi https://t.co/ltatlnkjJL,choAOA
Di Tas Jessica Wongso Ditemukan Obat Anti Stres dan Depresi https://t.co/C5wYbNy7sX,vousmoveyes
Di Tas Jessica Wongso Ditemukan Obat Anti Stres dan Depresi https://t.co/DxUsXGp3QW,gghwngy
Di Tas Jessica Wongso Ditemukan Obat Anti Stres dan Depresi https://t.co/XikRfCukvq,unamerp2
Di Tas Jessica Wongso Ditemukan Obat Anti Stres dan Depresi https://t.co/0cHjflxhba,gdmien
Di Tas Jessica Wongso Ditemukan Obat Anti Stres dan Depresi https://t.co/R0P802aXrf,dasomkiddo
Di Tas Jessica Wongso Ditemukan Obat Anti Stres dan Depresi https://t.co/nZiDxjtoCz,xiao__luhan
Di Tas Jessica Wongso Ditemukan Obat Anti Stres dan Depresi https://t.co/kZRdkFmapM,JSJkrysx
Di Tas Jessica Wongso Ditemukan Obat Anti Stres dan Depresi: Jenis sertraline dan pegrabalin. https://t.co/v0LZ3xo2r8,ohohbima
Di Tas Jessica Wongso Ditemukan Obat Anti Stres dan Depresi: Jenis sertraline dan pegrabalin. https://t.co/MLjDsjJs4C,KuyBaca
#TyoNews Di Tas Jessica Wongso Ditemukan Obat Anti Stres dan Depresi: Jenis sertraline dan pegrabalin. https://t.co/vI496Vv8kH #News,tyonews
News Di Tas Jessica Wongso Ditemukan Obat Anti Stres dan Depresi https://t.co/lKRjR5igrR #newsfeed,usernametakenfk
Di Tas Jessica Wongso Ditemukan Obat Anti Stres dan Depresi https://t.co/ATdfWWdqMT,ArdanNews
Di Tas Jessica Wongso Ditemukan Obat Anti Stres dan Depresi: Jenis sertraline dan pegrabalin. https://t.co/b8Lcn19Myx,aarianto10
Di Tas Jessica Wongso Ditemukan Obat Anti Stres dan Depresi: Jenis sertraline dan pegrabalin. https://t.co/VQiPofCRDJ,ureshi_tsm
Di Tas Jessica Wongso Ditemukan Obat Anti Stres dan Depresi: Jenis sertraline dan pegrabalin. https://t.co/mIYrKTkCZx,andree_black
Di Tas Jessica Wongso Ditemukan Obat Anti Stres dan Depresi https://t.co/dSAIKWzZDP via #VIVAnews,actualnewsIND
 @VIVAcoid: Di Tas Jessica Wongso Ditemukan Obat Anti Stres dan Depresi https://t.co/kxngDtOQsU ...pdhl Jesdica bilang tdk pernah minum obat,hudattamini
Di Tas Jessica Wongso Ditemukan Obat Anti Stres dan Depresi https://t.co/em8VcwwQ1Z,IsuAktual
Di Tas Jessica Wongso Ditemukan Obat Anti Stres dan Depresi https://t.co/uZYzhf56Og,iklanSangatta
#Di Tas Jessica Wongso Ditemukan Obat Anti Stres dan Depresi https://t.co/mmDumKAUGJ,masacuy
Di Tas Jessica Wongso Ditemukan Obat Anti Stres dan Depresi: Jenis sertraline dan pegrabalin. https://t.co/cipW6nX7NY,bie_lhu
Di Tas Jessica Wongso Ditemukan Obat Anti Stres dan Depresi: Jenis sertraline dan pegrabalin. https://t.co/1xPmq96vqv,bdg_infomedia
Di Tas Jessica Wongso Ditemukan Obat Anti Stres dan Depresi: Jenis sertraline dan pegrabalin. https://t.co/p9QHBdXGlf,melodyJKT48o
Obat stres anti macet (at Mie Ayam YANTO ) [pic] https://t.co/S3GdUpoQkk,N_Ka_
Sebentar lagi #FinTips Obat Anti Stres untuk Urusan Duit dimulai yuk disimak @endykurniawan @fachmijaidi @salma_dinar,ngaturduit
Senyum: Obat Anti Stres Paling Murah! https://t.co/kWses4zIvL #akhirzaman #kesehatan,AkhirZamanOrg
BREAKING NEWS: Dokter Sien Usulkan Puskesmas Gangguan Jiwa di Melawi: penjualan obat-obat stres atau anti depresan/anti psikotik di a...,WahyuArifP
BREAKING NEWS: Dokter Sien Usulkan Puskesmas Gangguan Jiwa di Melawi: penjualan obat-obat stres atau anti depr... https://t.co/LU1GXjafIF,sanggauinfo
[21-02-2016] Alasan aku suka baca itu karena baca buku itu obat anti stres. Khususnya baca buku-buku terjemahan @gramedia #GPU42,yuki_yuchan
Deadline Anti Stres Atasi dengan Cara Cerdas Ini https://t.co/QAJ5arpLA1 https://t.co/mNwvxV6Was,diabetherb
Assmu'alaikum.Wr.Wb. Berusaha-Berdo'a dan Bertawakal Adalah Obat Anti-Stres..!! Insya-Allah Sehat dunia dan Akhirat.,saidi_basyirun
@TRMudzi udah. obat anti stres,Alfnids
Karena belum minum obat anti bully akun @liputan9 menghapus tweet-nya https://t.co/9SgkBum8XO,RenkaStres
@Liputan9 udah minum obat kuat anti bully min?,RenkaStres
 Obat anti depresi Pilihan yang tepat ketika seseorang merasa stres atau depresi adalah dengan https://t.co/GUYoIjDZYH,APkawatak
Kasihan lue @Fahrihamzah @prabowo menghayal terus .. Pasti belum minum obat anti stres nya ya?,doddy_peol
Walaupun kucel setalah nguli Inilah obat anti stres dtanggal tua dan segara menanti tanggal muda https://t.co/N9HPe49uVz,FauziTriyas
Sawi putih ternyata mengandung sifat obat penenang dan anti stres. Kandungan kandungannya membantu menghilangkan stres.,ENERVON_C
Silakan Coba ''Obat'' Anti-Stres Saat Macet &gt;&gt;http://t.co/ST5owvXYH2 http://t.co/IlCjPcHBxx,KGValueCard
Silakan Coba ''Obat'' Anti-Stres Saat Macet &gt;&gt;http://t.co/ST5owvXYH2 http://t.co/CA2PeLD95J,KGValueCard
Obat anti stres terbaiiksss.. [pic] https://t.co/CbtsOBqx2o,dhenas_arrohman
Coba 'Obat' Anti-stres Saat Macet http://t.co/NtxwcyZ5RF,UpdateKopi
Coba 'Obat' Anti-stres Saat Macet http://t.co/qn9eLj5hAA (TribunPekanbaru),RiauOnNews
Coba 'Obat' Anti-stres Saat Macet http://t.co/4txHZvFe4N Tribun Pekanbaru,info_Bengkalis
Coba 'Obat' Anti-stres Saat Macet http://t.co/yzoL0Mcwfv #TribunNews,RiuhRiau
Coba 'Obat' Anti-stres Saat Macet http://t.co/aKB5MUKC03 #RIAU,riaulinks
#SeputarRiau Coba 'Obat' Anti-stres Saat Macet http://t.co/sQfCl2nFqX via [tribun],InfoRiau_
Coba 'Obat' Anti-stres Saat Macet: Stres kelelahan dan kantuk karena macet membuat pengendara kehilangan kon... http://t.co/8mMU1K6uBS,RiauMaya
(TribunPekanbaru ) Coba 'Obat' Anti-stres Saat Macet http://t.co/NzXC3tQvOg #BeritaRiau,endonesiaone
Silakan Coba Obat Anti-stres Saat Macet http://t.co/7Xkzya09Fv,nisagilang
kompascom : Silakan Coba Obat Anti-stres Saat Macet http://t.co/SlCyDzYB2D (via Twitter http://t.co/stuFjUQ0WT) http://t.co/RsnTjB7cnO,indberitanews
Silakan Coba Obat Anti-stres Saat Macet http://t.co/G0V55CBT5v #IDCisel http://t.co/08Pv61Sb80,infocisels
Silakan Coba Obat Anti-stres Saat Macet http://t.co/G0V55CBT5v #IDCisel,infocisels
Silakan Coba Obat Anti-stres Saat Macet http://t.co/QO0eFtmpi5,Gridotocom
Silakan Coba Obat Anti-stres Saat Macet http://t.co/iznqc1e9wj,kompascom
Berbukalah dengan yang menyenangkan.. Obat anti stres (with Dian Ekhae'27 and 3 others) [pic] https://t.co/ki8CQTMVqy,tymun
Cokelat sebagai obat anti stres yang dapat membawa rasa bahagia seketika.Rasa pahit dan manis dari cokelat menjadi perpaduan yang sempurna,meitaKoamesah
Cuma belanja yang bisa menghilangkan stres .. Obat anti galau yang paling mujarab .. Beli perabot rumah .. Dan terus belanja selama ada uang,widodohadi_w
Buku Qanaah Obat Anti Stres https://t.co/SRZ8LX0BsM,YufidStore
Buku Qanaah Obat Anti Stres Buku yang mengulas tentang Qana ah atau disebut juga dengan kepuasaan http://t.co/I14wmYlO9h,YufidStore
@Ca_zon @afrianidesy42 @N_481_L_BS_SS aduchh itu obat anti stres bkal laku keras ni.wkkkwwkk kcian fans sblah,AmarantyFernida
maka minumlah obat untuk mengurangi stres kalau anda merasakan depresi maka minumlah obat anti depresi.,HaiRoleplayer
@tenschittaphon Wkkwkwk obat anti stres duh pepe;;;,jjaelly
obat anti stres ***** harga nya |_ |_ |_ |_ |_ (baca bintang dan kaki). Cek d @Gramedia Colek @verakresna @hetih http://t.co/Q0KPHEk5ra,dwisutarjantono
 Obat anti-stres terbaik: tertawa bersama anak-anak. Rekamlah dan putar videonya ketika Anda suntuk di kantor. http://t.co/IJIKChjK9R,Dr_Dono
@wonGStalker obat anti stres biar ga ikutan ky km hehe...peace...,novinovianti45
Narsis it perlu. Obat anti stres http://t.co/i0QEmmJlWp,FickyHidajat
Sepertiga perempuan yang bercerai mengonsumsi obat anti depresi lantaran stres. http://t.co/Ut22ssjkb0,lambalaona
@rggan Sepertiga perempuan yang bercerai mengonsumsi obat anti depresi lantaran stres. ..,bacahorror
@piercethezard wkwkwkk... tq yaa.. obat anti stres n galau.. wkwkwkk...,LiveraBand
Mulawi Obat Anti Stres http://t.co/OfxGJZQSsc via @sharethis,FORGAYO
Guredi Mulawi Masa Tengah Beru. beta keni *Sakdiah*..:)) --&gt;&gt;Mulawi Obat Anti Stres - Lintas Gayo http://t.co/ra2nJH8xIL,GayoMelala
Mulawi Obat Anti Stres http://t.co/j2FZSKicWt #BeritaAceh,beritaaceh
Mulawi Obat Anti Stres: Oleh : Andrian Kausyar Dimana ada gula disana ada semut dimana ada bunga pasti ada ku... http://t.co/CziiG7aTV2,HarianMerdeka_
Mulawi Obat Anti Stres http://t.co/F5tLjwTpiZ,thenanggroe
Mulawi Obat Anti Stres http://t.co/uJ509VsctV,GalleryAceh
@liaaargh ih pe'ak bgt lah. jgn2 gw malah dikasih neurobion buat obat sarap ama elvino buat obat anti stres,indiratendi
Tapi gw 100% yakin urban farming adalah obat anti stres dibanding ngantor..,crisuit
bukannya mengeluh tapi mengeluh bisa juga menjadi obat anti stres..,YudhiSaffitri
Obat apa buank anti stres,bromenboy
Pantai: Obat Alami Atasi Stres http://t.co/LmSsCPNfZ9,antilossforex
@Rina_Nose Hahaha cuss siap Hiburan dr Bu Pres itu Obat Mujarab Anti Galau anti stres&amp;anti2 lain nya hny org2 hodob yg gk knl hiburan :D,mommy_el_
Ini obat anti paling mujarab klo stres nya lagi nongol soalnya obat yg lebih mujarab nya lagi jauh [pic] https://t.co/XLw1owU0RQ,dewiaananggi
Gak ada @Ba_nowati @Sitiwahyuniii ini aja mbaq obat dingin.. anti stres hwhwhewe http://t.co/8YvwX9eqBQ,baim_capricorn
That's right! @infoLengkap: Tidur adalah obat untuk melupakan rasa sakit masalah stres dan segala sesuatu untuk sementara waktu.,antiyunit
Obat stres kkn ada di proposal :' /tambahmuneg RT @vie_n28: Wah minta dong kk NathNadiaK_: Obat anti stres kkn /? RT @vie_n28: Wihh,jjap_cupcake
Obat anti stres kkn /? RT @vie_n28: Wihh obat ap hyo :p NathNadiaK_: Efek obat ih RT @vie_n28: Ealah yamene moso wes ngantuk NathNadiaK_,jjap_cupcake
@cannys_tiia haha beliin mb obat anti stres murah kok :3,aprilindriyanti
@newsuleprikitiw obat stres plus obat anti nyeri(hati),DidotNdot
Beh mana ada obat anti stres odong @WidiyaNR: @DJ_ReyvindzZ Ahaha kasian banget siyyy.. Minum obat anti stress sanah :D,BahriRaditya
Ini Obat Anti-stres Selama Mudik! http://t.co/dLuuhFEhen via @kompascom,ipranoto
Ini Dia Obat Anti-stres Selama Mudik http://t.co/RhYDt9krUo #balilicious,balilicious
Ini Dia Obat Anti-stres Selama Mudik http://t.co/UTyIUgqECS,kumpulanbali
Ini Dia Obat Anti-stres Selama Mudik http://t.co/61UwrILdvB,InfoBali_ID
@iwddwi_ eyyyyy engga stres cuma lupa mnm obat .. Bulu mata anti badai,alfaanggraini
Ini Obat Anti Stres selama Mudik! http://t.co/21Je0gOjng.,VKOOLindonesia
#ProvinsiRiau Ini Dia Obat Anti Stres Selama Mudik http://t.co/UCvH87jzOT #Riau (HalloRiau),endonesiaone
Ini Dia Obat Anti Stres Selama Mudik http://t.co/F5Uxu6alYJ,halloriau
Ini Obat Anti Stres selama Mudik Lebaran tinggal menghitung hari. Mulai minggu ini sudah banyak masyarakat... http://t.co/junmaZW9TF,tribunmedan
Ini Dia Obat Anti Stres Selama Mudik http://t.co/QPF0QFgKmf,halloriau
#News: Inilah Obat Anti Stres Selama Perjalanan Mudik http://t.co/YOHrYNUhze | Wartakota,infopamulang_
Ini Obat Anti Stres selama Mudik! http://t.co/QQa46eW8pM,kompascom
@Ini_Talkshow NONTON #IniSahurNetHari25 ITU SANGAT MENYEHATKAN PIKIRAN DAN PERASAAN OBAT ANTI STRES DAN GA BIKIN SENGKLEK MANTOTEP BINGITS,Best2283
Kayaknya obat anti-stres paling ampuh tuh berdamai dg target sendiri deh :),sittakarina
Faktor penyebabnya biasanya berupa stres dan berbagai jenis obat anti kanker yg menimbulkan kebotakan sementara. #HG #ChoiceOfConfidence,HGmensgrooming
@BaeSuzy61 @Beesuzy94 sma klo gtu apalagi obat anti penuaan gua udah abis mkin stres gua RM obat.nya,DaDasom93
Hai nuna @WGcohiee: . @BTSJG1: Gue harus minum obat anti stres tiap mt an sm cohie nuna/? @JYPMarkTuan: cape kan lu ngomong sama cohie nuna ,CIX_BJinyoung
. @BTSJG1: Gue harus minum obat anti stres tiap mt an sm cohie nuna/? @JYPMarkTuan: cape kan lu ngomong sama cohie nuna ;;; RT WGcohiee ,rrosaeanne
Mereka-mereka ini selalu jadi obat menghilangkan stres anti anxietas tapi menyebabkan epilepsi. http://t.co/pIiuFkmGOU,siskayogi
@abg_angga ada obat anti stres karna disakitin *loh haha -_- iyaa ini cius loh masa boong hahaha,NMS_audynabilah
Obat stres anti-depresi dan obat tidur/bius tidak boleh dikonsumsi berbarengan dengan kopi dalam jumlah besar.,centrocafe_PDG
Obat anti stres waktu dirumah Janed http://t.co/5aIXrqpWAh,katonyonathan
Selamat pagi Coolers! Yuk berjalan tanpa alas kaki pagi ini untuk membantu menghilangkan stres memperkuat otot kaki &amp; obat anti-aging. :),CoolantID
Obat anti stres yang sangat efisien tuk mencegah berbagai penyakit adalah OKSITOSIN (Hormon cinta) h61 #book #GBB... http://t.co/Ksg8VFanIm,bidankita
Obat anti stres yang sangat efisien tuk mencegah berbagai penyakit adalah OKSITOSIN (Hormon cinta) h61 #book #GBB... http://t.co/E4s91NZEUi,bidankita
Obat anti stres yang sangat efisien tuk mencegah berbagai penyakit adalah OKSITOSIN (Hormon cinta) h61 #book #GBB http://t.co/mncjucIYme,bidankita
@Iindonesia Lawak Club... Obat stres anti gembyong #cerita rakyat... LANJUUTT.....,ricotahanlapar
main sm hewan peliharaan itu obat anti stres yg mujarab... :D,inganggita
Madrid toh mbah ?? RT @herilatief: menit-menit terakhir aku pegang botol obat anti stres. (catatan seorang fans jambulnya cr7).,rian_irawan14
BUTUH LIBUR PANJANG DAN OBAT ANTI STRES,shatmyselftwice
Obat anti stres #MagnumVote Pink kalo kamu pilih Magnum mana? Tentukan pilihanmu ke @MyMagnumID http://t.co/0bSdStdt7k,EsterLinawati
@dinan_yurin pil anti galau kak itu obat ampuh darah tinggi itu juga bisa mengobati kakak yang stres gara2 pasien2 *apalaaah haha :D,ANoviaanty
Udah minum obat anti stres blm? akuteh lagi sendirian gera nyesek yaaa http://t.co/ljNZBHbIoL,Novitaasari27
#Fakta :Sex obat anti stres!! Sebab dengan bercinta tekanan darah menurun dan kadar sistem imun meningkat #BiruMalam w/ @willyardan,radiovenusmks
@winnieak iyaa ay obat anti stres kk jgn d ksih k bebi bukan untuk anak kecil obat itu ay hhaha,hairudin_sany
Okay masih ada 3hari untuk menggila :'))) terus besoknya minum obat anti stres terus sampai 4hari kedepan~true?,valenshaaaa_
Obat anti stres klo macet dimobil: 1. Nyalain musik rock 2. Putar yng kenceng dan yang ke 3. Ga perduli orang anggap apa. #driveresponsibly,tommynival
RT lah @DinnyMS: Ada yang jualan obat buat isi ulang anti stres? Semangat? Sama kebahagian? Kalo ada gue mau beli... ,CendyDewi
@jsuyeons tenang aja udah minum obat anti stres kok /apa,kduyoen
enya obat anti maneh haha @DedeAzis1 Enya obat anti stres :D @dwikimaskar: Engke mah minum obatna rada rikatan geura akh :D ,dwikimaskar
Enya obat anti stres :D @dwikimaskar: Engke mah minum obatna rada rikatan geura akh :D ,DedeAzis1
Bisalah bsk ngemilin kuaci aja biar gak stres @RarasRha @MasakTV: 6. Kuaci! Kuaci jga obat anti stress. ,rioyulistya
Obat apaan? Obat anti stres com? Haha @nitnotmboth: Lupa minum obat dan obat nya juga lupa di bawa hadeh -_- ,hanaliabonita
Diobral obat kuat anti stres mual kembung insomnia katarak epilepsi depresi galau Penyakit apa sAja bs smbuh... http://t.co/CqR4ERcJfT,guadwwell
@jaktvcom #trendjak buat psikolog2 klo minum obat anti depresan saat stress pusing gak bisa tdur gpp kan yoo.Gw bingung saat gw bener2 stres,dipo_kumazaki
Perlu minum obat anti stres dan penurun darah tinggi sblm nonton Cak Lontong di ILK. Manusia manusiaaaaa =)),chychadelia
Baru saja mengirim foto @ OBAT ANTI STRES http://t.co/NN4KLTXuGu,cumacieaja
@DewandaMw stres?mau obat anti galau :D,widyanurarofah
@LadyHStephanie ada obat anti stres kok eon/?,Maudyy94
Stres mulai kambuh x_x Mungkin obat anti setresnya udah habis :V Ahay De :D (‾▿‾ ),KirenElisabeth
lol RT @Ilhaamilm: PB itu apa?PB itu obat obat anti stres dan teman teman nya,dimasan32
@iccha_bm minta beliin obat anti stres oleh pacar keduamu.. bismaaahhh~,daelionie
obat penghilang stres anti galau yeshh (with Bapak at Bakso Goyang Lidah) https://t.co/Wu7uxgiLiC,layliyuliaprmts
Obat anti stres dulu *capek* [pic] https://t.co/0N07lGfIff,riris_chiyo
@zulitaw order ckltnya yuk biar gk jmblo order cklt enteng jdoh biar g stres psen obat stres &amp; anti galau biar g galau :),chocodotlampung
Apa coba dikasih obat anti stres-..-,FatmhAzzahra
@idh4m Justru kalo stres dipendem ga bagus buat kesehatan. Di Indonesia belum banyak obat anti-depresi ;),sissassy
Obat anti stres menghadapi UN http://t.co/HYWDIpxLCb,acha_lagi
@YuKeepSmile_TTV obat stres anti galau euuuuuys,dadus_handali
Obat anti stres itu harus nonton Indonesia Lawak Klub dijamin ngakak kenceng apalagi Komeng v Cak Lontong XD,Azimata_Firusdi
Ad putih kuning warnanya RT@SintyaMorina_: Obat anti stres ada gak?@ringgokool: Obat anti galau n alay RT@SintyaMorina_: Ada obat apa aja?,ringgokool
Obat anti stres ada gak?@ringgokool: Obat anti galau n alay RT@SintyaMorina_: Ada obat apa aja?@ringgokool: Lgi jualan obat RT@SintyaMorina_,SintyaMorina_
Coklat anti galau rasa sayang enteng jodoh obat stres (ada),recoverglory
Jerawattttttttt ahhhh sial:'( @jerawat efek stresses berat tingkat Dewah'(:'( @yks dolo obat stres / yks anti galau B-???) pokoke jogeed B-),yesiimut67
Mw ngsh obat biar cpt smbh dr pykt stres'a RT@JawabJUJUR: Apa yg ign km lakukan seandainya bertemu dg farhat abbas?,restisuciyanti
Media Sosial Obat Anti Stres Masa Kini - LIFE http://t.co/dnbSHCDjJq http://t.co/ink3tXxFeK http://t.co/EPkC61dE6V,LifeSatuHarapan
Obat anti stres apa tan? Lu tanya gw gw nanya siapa? Of anon yes http://t.co/kxTvtMDtoi,Kinkintang
@nadhiahanna iki maksudku &gt;&gt; Setengah Jam Meditasi Sama Khasiatnya Dengan Obat Anti Stres http://t.co/uFTsNzN8zY via @VemaleDotCom,cluumsymum
Lucu Tengil Obat Anti Stres #KUADRAT membaca CADO-CADO (Catatan Dodol Calon Dokter),Aylla_Cute
seperti obat filek penghilang stres dan depresi anti kanker menyehatkan jantung dan pernapasan membantu menurunkan berat badan dll,infoceupopons
Obat anti stres tanggal tua: tidak boros dan punya dana darurat. http://t.co/0xrAzBrC4N,PermataHatiCSR
Malas itu pnyakit jiwa. Adakah obat stres? Tak ada~ @faizalrhmn4: Tak adakah satupun ilmuwan yg tertarik buat nyiptain obat anti malas? ,bakullontong
Stres menyebabkan jerawat jerawat menyebabkan kegilaan karena jerawat cewe bisa ngabisin duit berjuta-juta buat obat anti jerawat doang :|,silviam51085108
Ada nong?mau berapa butir? :D RT @aenabcde: obat anti PHP ada gak teh? :O @OktavianiSyah: Gmpg!obat penenang obat stres obat jomb,OktavianiSyah
Alqur'an @gebyolandaa: Obat anti mslh/stres itu ada gak? ,itsonlyatrap
Stres menyebabkan jerawat jerawat menyebabkan kegilaan karena jerawat cewe bisa ngabisin duit berjuta-juta buat obat anti jerawat doang :|,yunayuni13
barusan udh nyu minum obat anti stres haha RT @VandeaRizkyR: cup cup minum obat mel hehe @meilianasay: namanya jga lgi stres nih -...- RT,nanadongdoong
Stres menyebabkan jerawat jerawat menyebabkan kegilaan karena jerawat cewe bisa ngabisin duit berjuta-juta buat obat anti jerawat doang.,EllaVabiolla
Stres menyebabkan jerawat jerawat menyebabkan kegilaan karena jerawat cewe bisa ngabisin duit berjuta-juta buat obat anti jerawat doang :|,boyuakatsuki
Stres menyebabkan jerawat jerawat menyebabkan kegilaan karena jerawat cewe bisa ngabisin duit berjuta-juta buat obat anti jerawat doang :|,NasehatKuper
Setengah jam meditasi sama khasiatnya dengan obat anti stres.,ID_Tersenyum
Sementara @WOWFakta: Tidur adalah obat untuk melupakan rasa sakit masalah stres dan segala sesuatu untuk sementara waktu. ,Antidamayantiii
butuh obat anti stres anti bingung dan anti galau!!!!!!!,cah_sawangan
Biar ga stres makan coklat obat anti stres dooong :'3,hafizhsuriagnda
RT @PsikologID: Humor dapat menjadi obat mujarab untuk menghilangkan stres depresi suasana hati yang ... http://t.co/YsJyMWNjBH,TamiisAnti
Si bos lg stres beraaaat....blm gajian blm bisa beli obat anti stres hahahaaa #edisi_bosan_banget_hdpi_org_1_itu#,yankumi_yf
Senyum n Tertawa adlh obat pjg umur tubuh akan mengeluarkan hormon anti stres . Jd ttplah tersenyum n tertawa liat dunia yg sdh gila,TonySkno
#DawnTweets Setengah Jam Meditasi Sama Khasiatnya Dengan Obat Anti Stres http://t.co/r6RKrzCHwA,FajarDawnVirgo
#DawnTweets Setengah Jam Meditasi Sama Khasiatnya Dengan Obat Anti Stres http://t.co/bYnNw2x1YS,BlogDawnTweets
Setengah Jam Meditasi Sama Khasiatnya Dengan Obat Anti Stres: Stres memang lebih mudah diatasi dengan obat. Na... http://t.co/UfXun0L8U9,ShigeMatsu007
Vemale : Setengah Jam Meditasi Sama Khasiatnya Dengan Obat Anti Stres http://t.co/Frd1XXyjmm #beritaterhangat,terbaru_berita
Follow @_MRaviii_ Setengah Jam Meditasi Sama Khasiatnya Dengan Obat Anti Stres: Stres memang... http://t.co/uGjVqVPXLG #MyRavictoryciouz,mactooryus
Setengah Jam Meditasi Sama Khasiatnya Dengan Obat Anti Stres: Stres memang lebih mudah diatasi dengan obat. Na... http://t.co/ek4k0SodCK,jjkuk_97
Setengah Jam Meditasi Sama Khasiatnya Dengan Obat Anti Stres: Stres memang lebih mudah diatasi dengan obat. Na... http://t.co/vrTcHLEQAC,BTOB_LM
#OpenFollow #RETWEET Setengah Jam Meditasi Sama Khasiatnya Dengan Obat Anti Stres: Stres m... http://t.co/aXkPJBOvMx #TeamFollowBack #FF,poltengbahri
Setengah Jam Meditasi Sama Khasiatnya Dengan Obat Anti Stres: Stres memang lebih mudah diatasi dengan obat. Na... http://t.co/a5k1JaHpl6,AraHellovenus
Setengah Jam Meditasi Sama Khasiatnya Dengan Obat Anti Stres: Stres memang lebih mudah diatasi dengan obat. Na... http://t.co/D6YCwAwBVR,Kangjun_CclowNs
#OpenFollow #RETWEET Setengah Jam Meditasi Sama Khasiatnya Dengan Obat Anti Stres: Stres m... http://t.co/A2dWZ4kg4E #TeamFollowBack #FF,muhfeeb
#RETWEET Setengah Jam Meditasi Sama Khasiatnya Dengan Obat Anti Stres http://t.co/QrYgPyEYoy,buatkamoe
#News Setengah Jam Meditasi Sama Khasiatnya Dengan Obat Anti Stres: Stres memang lebih mu... http://t.co/l90IQlqbIY Via- @DetikDotCom_ID,maksindo
#vemale Setengah Jam Meditasi Sama Khasiatnya Dengan Obat Anti Stres http://t.co/kRk0CNZiot,Beni_Official
Setengah Jam Meditasi Sama Khasiatnya Dengan Obat Anti Stres: Stres memang lebih mudah diatasi dengan obat. Na... http://t.co/qKY5okdrO6,LovelyPanjaitan
Setengah Jam Meditasi Sama Khasiatnya Dengan Obat Anti Stres: Stres memang lebih mudah diatasi dengan obat. Na... http://t.co/HzAGTEZLsZ,David_Sirait25
Setengah Jam Meditasi Sama Khasiatnya Dengan Obat Anti Stres http://t.co/ec8ydeQ2d7,VemaleDotcom
Setengah Jam Meditasi Sama Khasiatnya Dengan Obat Anti Stres http://t.co/zhkh190Ds3,Ryeel176
Setengah Jam Meditasi Sama Khasiatnya Dengan Obat Anti Stres http://t.co/5dQA59ufec #StyleManado,ManadoStyle
Setengah Jam Meditasi Sama Khasiatnya Dengan Obat Anti Stres: Stres memang lebih mudah diatasi dengan obat. Na... http://t.co/sU8HzgdElm,SahabatBerita
Itu obat stres obat anti galau!!,ovamrdna
Itu apa? RT @Chodokx: #agk RT angga_bradde: Anti stres :p RT Chodokx: obat apa ? RT angga_bradde: (cont) http://t.co/qO6U2YSqzL,angga_bradde
#agk RT @angga_bradde: Anti stres :p RT Chodokx: obat apa ? RT angga_bradde: Klo udah minum obat ya :p RT Chodokx: (cont) http://t.co/ZVi5M,Chodokx
Anti stres :p RT @Chodokx: obat apa ? RT angga_bradde: Klo udah minum obat ya :p RT Chodokx: (cont) http://t.co/ZVi5MW74pI,angga_bradde
Banyak mikir banyak stres. Sedikit mikir sedikit stres. Gak mikir gak stres. Kesimpulan: obat anti stres = tidur.,bagindra
@luluainasyahar wahh kamu itu belum minum obat anti stres y boss mending minum dulu deh,RudiTelfi
@MdSuardikaJaya jgn lupa minum obat anti stres kak,ladylicious_25
obat galau tuips anti stres.dijamin manjur sudah terbukti! http://t.co/btcMHjsJEs,agustinuspablo
6. Coklat Anti Galau 7. Coklat Rasa Sayang 8. Coklat Enteng Jodoh 9. Coklat Obat Stres 10. Coklat Sesuwatu Banged 11. Coklat Enteng Jodoh,ElmandaShop
seratussss untuk anda! @ekikun_: apaan baygon ? RT @siskasyatika: Minum obat anti stres dong kak @ekikun_: stres tau de mikirin itu doang ,siskasyatika
apaan baygon ? RT @siskasyatika: Minum obat anti stres dong kak @ekikun_: stres tau de mikirin itu doang juga - - RT @siskasyatika: Ininih,ekikun_
Minum obat anti stres dong kak @ekikun_: stres tau de mikirin itu doang juga - - RT @siskasyatika: Ininih yg namanya nilai tergantung ,siskasyatika
@kulanisa enggak:p kan aku punya obat anti stres,annisds
@sintawens walah malah curhat :p kan goyang oplosan obat anti stres mbok yks main nang solo ngno yaa,adnanobbie
Kan tadi loe bilang nanti dikira org stres makanya minum obat anti stres RT @aufahqa: @Raafi_madjid dikira orang stres apa.? ,Raafi_madjid
Maaf dokter nony ada obat anti stres gak buat mereka? :p @NonyAjuhana @nurul_fauziah04 @iqbaale @Febbydam,hi_na_min1
@CaitySweet__RP elu yang harusnya minum obat anti stres. ga usah bagi2 sama gue :) yang stres kan elu bukan gue wkwkwk,MxritaTakahiro
Kalau aja ada obat anti stres.,Yosacy
goyang oplosan dulu rek @YuKeepSmile_TTV :) haha obat anti stres,fitriipaan
@_izzulmuttaqin @putriiibella minum obat anti stres pok? Apa bella yang menenangkanmu? :D,R_Chajawi
